Workbook

Sheet Data
A1: Date | B1: Outlet | C1: Categories | D1: Meal | E1: Revenue | F1: Cover | G1: Cost | H1: Timestamp
A2: 2026-07-26 | B2: Reveira House | C2: RV-Food | D2: ABF | E2: 2633 | F2: 4 | G2: 830 | H2: 2026-07-26 14:21:13
A3: 2026-07-26 | B3: Reveira House | C3: RV-Beverage | D3: ABF | E3: 2792 | F3: 20 | G3: 902 | H3: 2026-07-26 14:21:13
A4: 2026-07-26 | B4: Reveira House | C4: RV-Wine | D4: ABF | E4: 1937 | F4: 17 | G4: 546 | H4: 2026-07-26 14:21:13
A5: 2026-07-26 | B5: Reveira House | C5: RV-Other | D5: ABF | E5: 3457 | F5: 10 | G5: 1318 | H5: 2026-07-26 14:21:13
A6: 2026-07-26 | B6: Reveira House | C6: RV-Food | D6: Breakfast | E6: 2244 | F6: 6 | G6: 870 | H6: 2026-07-26 14:21:13
A7: 2026-07-26 | B7: Reveira House | C7: RV-Beverage | D7: Breakfast | E7: 1616 | F7: 11 | G7: 453 | H7: 2026-07-26 14:21:13
A8: 2026-07-26 | B8: Reveira House | C8: RV-Wine | D8: Breakfast | E8: 1852 | F8: 11 | G8: 557 | H8: 2026-07-26 14:21:13
A9: 2026-07-26 | B9: Reveira House | C9: RV-Other | D9: Breakfast | E9: 2574 | F9: 20 | G9: 1027 | H9: 2026-07-26 14:21:13
A10: 2026-07-26 | B10: Reveira House | C10: RV-Food | D10: Lunch | E10: 1154 | F10: 9 | G10: 356 | H10: 2026-07-26 14:21:13
A11: 2026-07-26 | B11: Reveira House | C11: RV-Beverage | D11: Lunch | E11: 5493 | F11: 14 | G11: 1754 | H11: 2026-07-26 14:21:13
A12: 2026-07-26 | B12: Reveira House | C12: RV-Wine | D12: Lunch | E12: 1210 | F12: 12 | G12: 483 | H12: 2026-07-26 14:21:13
A13: 2026-07-26 | B13: Reveira House | C13: RV-Other | D13: Lunch | E13: 1142 | F13: 5 | G13: 440 | H13: 2026-07-26 14:21:13
... A4372: 2026-08-25 | B4372: Saitara | C4372: RV-Other | D4372: Supper | E4372: 3266 | F4372: 8 | G4372: 1174 | H4372: 2026-08-25 12:33:59

Sheet Reveira House
A1: Date | B1: Outlet | C1: Categories | D1: Meal | E1: Revenue | F1: Cover | G1: Cost | H1: Timestamp
A2: 2026-07-26 | B2: Reveira House | C2: RV-Food | D2: ABF | E2: 2633 | F2: 4 | G2: 830 | H2: 2026-07-26 14:21:13
A3: 2026-07-26 | B3: Reveira House | C3: RV-Beverage | D3: ABF | E3: 2792 | F3: 20 | G3: 902 | H3: 2026-07-26 14:21:13
A4: 2026-07-26 | B4: Reveira House | C4: RV-Wine | D4: ABF | E4: 1937 | F4: 17 | G4: 546 | H4: 2026-07-26 14:21:13
A5: 2026-07-26 | B5: Reveira House | C5: RV-Other | D5: ABF | E5: 3457 | F5: 10 | G5: 1318 | H5: 2026-07-26 14:21:13
A6: 2026-07-26 | B6: Reveira House | C6: RV-Food | D6: Breakfast | E6: 2244 | F6: 6 | G6: 870 | H6: 2026-07-26 14:21:13
A7: 2026-07-26 | B7: Reveira House | C7: RV-Beverage | D7: Breakfast | E7: 1616 | F7: 11 | G7: 453 | H7: 2026-07-26 14:21:13
A8: 2026-07-26 | B8: Reveira House | C8: RV-Wine | D8: Breakfast | E8: 1852 | F8: 11 | G8: 557 | H8: 2026-07-26 14:21:13
A9: 2026-07-26 | B9: Reveira House | C9: RV-Other | D9: Breakfast | E9: 2574 | F9: 20 | G9: 1027 | H9: 2026-07-26 14:21:13
A10: 2026-07-26 | B10: Reveira House | C10: RV-Food | D10: Lunch | E10: 1154 | F10: 9 | G10: 356 | H10: 2026-07-26 14:21:13
A11: 2026-07-26 | B11: Reveira House | C11: RV-Beverage | D11: Lunch | E11: 5493 | F11: 14 | G11: 1754 | H11: 2026-07-26 14:21:13
A12: 2026-07-26 | B12: Reveira House | C12: RV-Wine | D12: Lunch | E12: 1210 | F12: 12 | G12: 483 | H12: 2026-07-26 14:21:13
A13: 2026-07-26 | B13: Reveira House | C13: RV-Other | D13: Lunch | E13: 1142 | F13: 5 | G13: 440 | H13: 2026-07-26 14:21:13
... A621: 2026-08-25 | B621: Reveira House | C621: RV-Other | D621: Supper | E621: 4879 | F621: 4 | G621: 1667 | H621: 2026-08-25 12:33:59

Sheet Junsai
A1: Date | B1: Outlet | C1: Categories | D1: Meal | E1: Revenue | F1: Cover | G1: Cost | H1: Timestamp
A2: 2026-07-26 | B2: Junsai | C2: RV-Food | D2: ABF | E2: 4303 | F2: 12 | G2: 1624 | H2: 2026-07-26 14:21:13
A3: 2026-07-26 | B3: Junsai | C3: RV-Beverage | D3: ABF | E3: 1727 | F3: 6 | G3: 549 | H3: 2026-07-26 14:21:13
A4: 2026-07-26 | B4: Junsai | C4: RV-Wine | D4: ABF | E4: 4869 | F4: 17 | G4: 1466 | H4: 2026-07-26 14:21:13
A5: 2026-07-26 | B5: Junsai | C5: RV-Other | D5: ABF | E5: 5055 | F5: 15 | G5: 1891 | H5: 2026-07-26 14:21:13
A6: 2026-07-26 | B6: Junsai | C6: RV-Food | D6: Breakfast | E6: 3215 | F6: 1 | G6: 994 | H6: 2026-07-26 14:21:13
A7: 2026-07-26 | B7: Junsai | C7: RV-Beverage | D7: Breakfast | E7: 3953 | F7: 2 | G7: 1452 | H7: 2026-07-26 14:21:13
A8: 2026-07-26 | B8: Junsai | C8: RV-Wine | D8: Breakfast | E8: 2009 | F8: 8 | G8: 564 | H8: 2026-07-26 14:21:13
A9: 2026-07-26 | B9: Junsai | C9: RV-Other | D9: Breakfast | E9: 1970 | F9: 3 | G9: 616 | H9: 2026-07-26 14:21:13
A10: 2026-07-26 | B10: Junsai | C10: RV-Food | D10: Lunch | E10: 2891 | F10: 16 | G10: 1033 | H10: 2026-07-26 14:21:13
A11: 2026-07-26 | B11: Junsai | C11: RV-Beverage | D11: Lunch | E11: 5317 | F11: 9 | G11: 1509 | H11: 2026-07-26 14:21:13
A12: 2026-07-26 | B12: Junsai | C12: RV-Wine | D12: Lunch | E12: 4139 | F12: 2 | G12: 1568 | H12: 2026-07-26 14:21:13
A13: 2026-07-26 | B13: Junsai | C13: RV-Other | D13: Lunch | E13: 5046 | F13: 5 | G13: 1564 | H13: 2026-07-26 14:21:13
... A621: 2026-08-25 | B621: Junsai | C621: RV-Other | D621: Supper | E621: 3160 | F621: 10 | G621: 1253 | H621: 2026-08-25 12:33:59

Sheet Tapanyaki
A1: Date | B1: Outlet | C1: Categories | D1: Meal | E1: Revenue | F1: Cover | G1: Cost | H1: Timestamp
A2: 2026-07-26 | B2: Tapanyaki | C2: RV-Food | D2: ABF | E2: 2850 | F2: 16 | G2: 991 | H2: 2026-07-26 14:21:13
A3: 2026-07-26 | B3: Tapanyaki | C3: RV-Beverage | D3: ABF | E3: 3186 | F3: 2 | G3: 963 | H3: 2026-07-26 14:21:13
A4: 2026-07-26 | B4: Tapanyaki | C4: RV-Wine | D4: ABF | E4: 3869 | F4: 19 | G4: 1333 | H4: 2026-07-26 14:21:13
A5: 2026-07-26 | B5: Tapanyaki | C5: RV-Other | D5: ABF | E5: 2537 | F5: 2 | G5: 721 | H5: 2026-07-26 14:21:13
A6: 2026-07-26 | B6: Tapanyaki | C6: RV-Food | D6: Breakfast | E6: 5152 | F6: 12 | G6: 1510 | H6: 2026-07-26 14:21:13
A7: 2026-07-26 | B7: Tapanyaki | C7: RV-Beverage | D7: Breakfast | E7: 3717 | F7: 12 | G7: 1233 | H7: 2026-07-26 14:21:13
A8: 2026-07-26 | B8: Tapanyaki | C8: RV-Wine | D8: Breakfast | E8: 1864 | F8: 1 | G8: 666 | H8: 2026-07-26 14:21:13
A9: 2026-07-26 | B9: Tapanyaki | C9: RV-Other | D9: Breakfast | E9: 5257 | F9: 10 | G9: 2047 | H9: 2026-07-26 14:21:13
A10: 2026-07-26 | B10: Tapanyaki | C10: RV-Food | D10: Lunch | E10: 762 | F10: 6 | G10: 279 | H10: 2026-07-26 14:21:13
A11: 2026-07-26 | B11: Tapanyaki | C11: RV-Beverage | D11: Lunch | E11: 3882 | F11: 1 | G11: 1476 | H11: 2026-07-26 14:21:13
A12: 2026-07-26 | B12: Tapanyaki | C12: RV-Wine | D12: Lunch | E12: 3653 | F12: 5 | G12: 1235 | H12: 2026-07-26 14:21:13
A13: 2026-07-26 | B13: Tapanyaki | C13: RV-Other | D13: Lunch | E13: 2173 | F13: 16 | G13: 706 | H13: 2026-07-26 14:21:13
... A621: 2026-08-25 | B621: Tapanyaki | C621: RV-Other | D621: Supper | E621: 1652 | F621: 11 | G621: 563 | H621: 2026-08-25 12:33:59

Sheet Terrace
A1: Date | B1: Outlet | C1: Categories | D1: Meal | E1: Revenue | F1: Cover | G1: Cost | H1: Timestamp
A2: 2026-07-26 | B2: Terrace | C2: RV-Food | D2: ABF | E2: 4887 | F2: 1 | G2: 1536 | H2: 2026-07-26 14:21:13
A3: 2026-07-26 | B3: Terrace | C3: RV-Beverage | D3: ABF | E3: 1579 | F3: 15 | G3: 479 | H3: 2026-07-26 14:21:13
A4: 2026-07-26 | B4: Terrace | C4: RV-Wine | D4: ABF | E4: 5193 | F4: 18 | G4: 1921 | H4: 2026-07-26 14:21:13
A5: 2026-07-26 | B5: Terrace | C5: RV-Other | D5: ABF | E5: 2652 | F5: 10 | G5: 823 | H5: 2026-07-26 14:21:13
A6: 2026-07-26 | B6: Terrace | C6: RV-Food | D6: Breakfast | E6: 4827 | F6: 9 | G6: 1915 | H6: 2026-07-26 14:21:13
A7: 2026-07-26 | B7: Terrace | C7: RV-Beverage | D7: Breakfast | E7: 1961 | F7: 15 | G7: 737 | H7: 2026-07-26 14:21:13
A8: 2026-07-26 | B8: Terrace | C8: RV-Wine | D8: Breakfast | E8: 2208 | F8: 11 | G8: 767 | H8: 2026-07-26 14:21:13
A9: 2026-07-26 | B9: Terrace | C9: RV-Other | D9: Breakfast | E9: 1511 | F9: 12 | G9: 594 | H9: 2026-07-26 14:21:13
A10: 2026-07-26 | B10: Terrace | C10: RV-Food | D10: Lunch | E10: 3615 | F10: 10 | G10: 1210 | H10: 2026-07-26 14:21:13
A11: 2026-07-26 | B11: Terrace | C11: RV-Beverage | D11: Lunch | E11: 2226 | F11: 11 | G11: 857 | H11: 2026-07-26 14:21:13
A12: 2026-07-26 | B12: Terrace | C12: RV-Wine | D12: Lunch | E12: 3727 | F12: 3 | G12: 1119 | H12: 2026-07-26 14:21:13
A13: 2026-07-26 | B13: Terrace | C13: RV-Other | D13: Lunch | E13: 4680 | F13: 3 | G13: 1738 | H13: 2026-07-26 14:21:13
... A621: 2026-08-25 | B621: Terrace | C621: RV-Other | D621: Supper | E621: 3342 | F621: 3 | G621: 1217 | H621: 2026-08-25 12:33:59

Sheet Juniper
A1: Date | B1: Outlet | C1: Categories | D1: Meal | E1: Revenue | F1: Cover | G1: Cost | H1: Timestamp
A2: 2026-07-26 | B2: Juniper | C2: RV-Food | D2: ABF | E2: 3596 | F2: 14 | G2: 1136 | H2: 2026-07-26 14:21:13
A3: 2026-07-26 | B3: Juniper | C3: RV-Beverage | D3: ABF | E3: 3825 | F3: 2 | G3: 1146 | H3: 2026-07-26 14:21:13
A4: 2026-07-26 | B4: Juniper | C4: RV-Wine | D4: ABF | E4: 2429 | F4: 18 | G4: 719 | H4: 2026-07-26 14:21:13
A5: 2026-07-26 | B5: Juniper | C5: RV-Other | D5: ABF | E5: 3768 | F5: 15 | G5: 1163 | H5: 2026-07-26 14:21:13
A6: 2026-07-26 | B6: Juniper | C6: RV-Food | D6: Breakfast | E6: 2690 | F6: 2 | G6: 782 | H6: 2026-07-26 14:21:13
A7: 2026-07-26 | B7: Juniper | C7: RV-Beverage | D7: Breakfast | E7: 1143 | F7: 5 | G7: 386 | H7: 2026-07-26 14:21:13
A8: 2026-07-26 | B8: Juniper | C8: RV-Wine | D8: Breakfast | E8: 1208 | F8: 9 | G8: 343 | H8: 2026-07-26 14:21:13
A9: 2026-07-26 | B9: Juniper | C9: RV-Other | D9: Breakfast | E9: 2495 | F9: 19 | G9: 758 | H9: 2026-07-26 14:21:13
A10: 2026-07-26 | B10: Juniper | C10: RV-Food | D10: Lunch | E10: 3703 | F10: 20 | G10: 1131 | H10: 2026-07-26 14:21:13
A11: 2026-07-26 | B11: Juniper | C11: RV-Beverage | D11: Lunch | E11: 3972 | F11: 10 | G11: 1336 | H11: 2026-07-26 14:21:13
A12: 2026-07-26 | B12: Juniper | C12: RV-Wine | D12: Lunch | E12: 909 | F12: 14 | G12: 348 | H12: 2026-07-26 14:21:13
A13: 2026-07-26 | B13: Juniper | C13: RV-Other | D13: Lunch | E13: 4326 | F13: 10 | G13: 1375 | H13: 2026-07-26 14:21:13
... A621: 2026-08-25 | B621: Juniper | C621: RV-Other | D621: Supper | E621: 3730 | F621: 18 | G621: 1156 | H621: 2026-08-25 12:33:59

Sheet Marcele
A1: Date | B1: Outlet | C1: Categories | D1: Meal | E1: Revenue | F1: Cover | G1: Cost | H1: Timestamp
A2: 2026-07-26 | B2: Marcele | C2: RV-Food | D2: ABF | E2: 870 | F2: 10 | G2: 249 | H2: 2026-07-26 14:21:13
A3: 2026-07-26 | B3: Marcele | C3: RV-Beverage | D3: ABF | E3: 3390 | F3: 18 | G3: 1306 | H3: 2026-07-26 14:21:13
A4: 2026-07-26 | B4: Marcele | C4: RV-Wine | D4: ABF | E4: 1541 | F4: 9 | G4: 483 | H4: 2026-07-26 14:21:13
A5: 2026-07-26 | B5: Marcele | C5: RV-Other | D5: ABF | E5: 4037 | F5: 3 | G5: 1134 | H5: 2026-07-26 14:21:13
A6: 2026-07-26 | B6: Marcele | C6: RV-Food | D6: Breakfast | E6: 794 | F6: 10 | G6: 271 | H6: 2026-07-26 14:21:13
A7: 2026-07-26 | B7: Marcele | C7: RV-Beverage | D7: Breakfast | E7: 630 | F7: 10 | G7: 203 | H7: 2026-07-26 14:21:13
A8: 2026-07-26 | B8: Marcele | C8: RV-Wine | D8: Breakfast | E8: 758 | F8: 20 | G8: 284 | H8: 2026-07-26 14:21:13
A9: 2026-07-26 | B9: Marcele | C9: RV-Other | D9: Breakfast | E9: 2617 | F9: 17 | G9: 962 | H9: 2026-07-26 14:21:13
A10: 2026-07-26 | B10: Marcele | C10: RV-Food | D10: Lunch | E10: 4326 | F10: 12 | G10: 1709 | H10: 2026-07-26 14:21:13
A11: 2026-07-26 | B11: Marcele | C11: RV-Beverage | D11: Lunch | E11: 5495 | F11: 10 | G11: 1796 | H11: 2026-07-26 14:21:13
A12: 2026-07-26 | B12: Marcele | C12: RV-Wine | D12: Lunch | E12: 2063 | F12: 2 | G12: 684 | H12: 2026-07-26 14:21:13
A13: 2026-07-26 | B13: Marcele | C13: RV-Other | D13: Lunch | E13: 2947 | F13: 9 | G13: 1020 | H13: 2026-07-26 14:21:13
... A621: 2026-08-25 | B621: Marcele | C621: RV-Other | D621: Supper | E621: 1088 | F621: 12 | G621: 320 | H621: 2026-08-25 12:33:59

Sheet Canteen
A1: Date | B1: Outlet | C1: Categories | D1: Meal | E1: Revenue | F1: Cover | G1: Cost | H1: Timestamp
A2: 2026-07-26 | B2: Canteen | C2: RV-Food | D2: Lunch | E2: 0 | F2: 100 | G2: 5911.95 | H2: 2026-07-26 14:21:13
A3: 2026-07-27 | B3: Canteen | C3: RV-Food | D3: Lunch | E3: 0 | F3: 96 | G3: 5584.75 | H3: 2026-07-27 16:10:57
A4: 2026-07-28 | B4: Canteen | C4: RV-Food | D4: Lunch | E4: 0 | F4: 81 | G4: 4694.89 | H4: 2026-07-28 11:26:58
A5: 2026-07-29 | B5: Canteen | C5: RV-Food | D5: Lunch | E5: 0 | F5: 93 | G5: 5231.01 | H5: 2026-07-29 21:12:13
A6: 2026-07-30 | B6: Canteen | C6: RV-Food | D6: Lunch | E6: 0 | F6: 121 | G6: 6961.67 | H6: 2026-07-30 13:21:12
A7: 2026-07-31 | B7: Canteen | C7: RV-Food | D7: Lunch | E7: 0 | F7: 125 | G7: 7384.49 | H7: 2026-07-31 15:22:53
A8: 2026-08-01 | B8: Canteen | C8: RV-Food | D8: Lunch | E8: 0 | F8: 86 | G8: 5305.65 | H8: 2026-08-01 18:06:38
A9: 2026-08-02 | B9: Canteen | C9: RV-Food | D9: Lunch | E9: 0 | F9: 119 | G9: 7344.29 | H9: 2026-08-02 19:27:24
A10: 2026-08-03 | B10: Canteen | C10: RV-Food | D10: Lunch | E10: 0 | F10: 127 | G10: 7686.81 | H10: 2026-08-03 21:13:50
A11: 2026-08-04 | B11: Canteen | C11: RV-Food | D11: Lunch | E11: 0 | F11: 107 | G11: 6183.84 | H11: 2026-08-04 14:08:17
A12: 2026-08-05 | B12: Canteen | C12: RV-Food | D12: Lunch | E12: 0 | F12: 97 | G12: 5429.44 | H12: 2026-08-05 17:11:18
A13: 2026-08-06 | B13: Canteen | C13: RV-Food | D13: Lunch | E13: 0 | F13: 125 | G13: 7569.73 | H13: 2026-08-06 13:53:06
... A32: 2026-08-25 | B32: Canteen | C32: RV-Food | D32: Lunch | E32: 0 | F32: 93 | G32: 5542.89 | H32: 2026-08-25 12:33:59

Sheet Saitara
A1: Date | B1: Outlet | C1: Categories | D1: Meal | E1: Revenue | F1: Cover | G1: Cost | H1: Timestamp
A2: 2026-07-26 | B2: Saitara | C2: RV-Food | D2: ABF | E2: 4439 | F2: 18 | G2: 1404 | H2: 2026-07-26 14:21:13
A3: 2026-07-26 | B3: Saitara | C3: RV-Beverage | D3: ABF | E3: 1533 | F3: 10 | G3: 435 | H3: 2026-07-26 14:21:13
A4: 2026-07-26 | B4: Saitara | C4: RV-Wine | D4: ABF | E4: 3355 | F4: 16 | G4: 959 | H4: 2026-07-26 14:21:13
A5: 2026-07-26 | B5: Saitara | C5: RV-Other | D5: ABF | E5: 3487 | F5: 6 | G5: 1310 | H5: 2026-07-26 14:21:13
A6: 2026-07-26 | B6: Saitara | C6: RV-Food | D6: Breakfast | E6: 1721 | F6: 10 | G6: 570 | H6: 2026-07-26 14:21:13
A7: 2026-07-26 | B7: Saitara | C7: RV-Beverage | D7: Breakfast | E7: 2157 | F7: 8 | G7: 795 | H7: 2026-07-26 14:21:13
A8: 2026-07-26 | B8: Saitara | C8: RV-Wine | D8: Breakfast | E8: 4929 | F8: 1 | G8: 1464 | H8: 2026-07-26 14:21:13
A9: 2026-07-26 | B9: Saitara | C9: RV-Other | D9: Breakfast | E9: 3595 | F9: 13 | G9: 1392 | H9: 2026-07-26 14:21:13
A10: 2026-07-26 | B10: Saitara | C10: RV-Food | D10: Lunch | E10: 706 | F10: 7 | G10: 258 | H10: 2026-07-26 14:21:13
A11: 2026-07-26 | B11: Saitara | C11: RV-Beverage | D11: Lunch | E11: 4164 | F11: 19 | G11: 1454 | H11: 2026-07-26 14:21:13
A12: 2026-07-26 | B12: Saitara | C12: RV-Wine | D12: Lunch | E12: 1773 | F12: 9 | G12: 532 | H12: 2026-07-26 14:21:13
A13: 2026-07-26 | B13: Saitara | C13: RV-Other | D13: Lunch | E13: 3314 | F13: 10 | G13: 991 | H13: 2026-07-26 14:21:13
... A621: 2026-08-25 | B621: Saitara | C621: RV-Other | D621: Supper | E621: 3266 | F621: 8 | G621: 1174 | H621: 2026-08-25 12:33:59

Sheet Purchases_Issues
A1: Date | B1: Outlet | C1: Direct Purchase (THB) | D1: Store Issue (THB) | E1: Timestamp
A2: 2026-07-26 | B2: Reveira House | C2: 1734 | D2: 4526 | E2: 2026-07-26 18:41:25
A3: 2026-07-26 | B3: Junsai | C3: 6536 | D3: 3616 | E3: 2026-07-26 11:12:36
A4: 2026-07-26 | B4: Tapanyaki | C4: 5502 | D4: 3129 | E4: 2026-07-26 17:46:08
A5: 2026-07-26 | B5: Terrace | C5: 7863 | D5: 1113 | E5: 2026-07-26 21:40:29
A6: 2026-07-26 | B6: Juniper | C6: 4437 | D6: 1959 | E6: 2026-07-26 19:42:49
A7: 2026-07-26 | B7: Marcele | C7: 2773 | D7: 2467 | E7: 2026-07-26 19:59:12
A8: 2026-07-26 | B8: Canteen | C8: 1039 | D8: 870 | E8: 2026-07-26 14:26:26
A9: 2026-07-26 | B9: Saitara | C9: 6468 | D9: 665 | E9: 2026-07-26 19:30:29
A10: 2026-07-27 | B10: Reveira House | C10: 8654 | D10: 5334 | E10: 2026-07-27 15:12:38
A11: 2026-07-27 | B11: Junsai | C11: 3054 | D11: 1709 | E11: 2026-07-27 15:08:32
A12: 2026-07-27 | B12: Tapanyaki | C12: 6582 | D12: 4083 | E12: 2026-07-27 12:42:40
A13: 2026-07-27 | B13: Terrace | C13: 7069 | D13: 2137 | E13: 2026-07-27 19:52:51
... A249: 2026-08-25 | B249: Saitara | C249: 1290 | D249: 4237 | E249: 2026-08-25 15:47:54

Sheet Cost_Adjustments
A1: Date | B1: Outlet | C1: Transfer In (THB) | D1: Transfer Out (THB) | E1: Credit Cost (THB) | F1: Timestamp
A2: 2026-07-26 | B2: Reveira House | C2: 203 | D2: 379 | E2: 1237 | F2: 2026-07-26 18:41:25
A3: 2026-07-26 | B3: Junsai | C3: 172 | D3: 20 | E3: 1642 | F3: 2026-07-26 11:12:36
A4: 2026-07-26 | B4: Tapanyaki | C4: 485 | D4: 255 | E4: 603 | F4: 2026-07-26 17:46:08
A5: 2026-07-26 | B5: Terrace | C5: 290 | D5: 421 | E5: 1193 | F5: 2026-07-26 21:40:29
A6: 2026-07-26 | B6: Juniper | C6: 54 | D6: 427 | E6: 1209 | F6: 2026-07-26 19:42:49
A7: 2026-07-26 | B7: Marcele | C7: 634 | D7: 171 | E7: 269 | F7: 2026-07-26 19:59:12
A8: 2026-07-26 | B8: Canteen | C8: 619 | D8: 458 | E8: 493 | F8: 2026-07-26 14:26:26
A9: 2026-07-26 | B9: Saitara | C9: 444 | D9: 454 | E9: 1639 | F9: 2026-07-26 19:30:29
A10: 2026-07-27 | B10: Reveira House | C10: 196 | D10: 483 | E10: 1541 | F10: 2026-07-27 15:12:38
A11: 2026-07-27 | B11: Junsai | C11: 102 | D11: 383 | E11: 1502 | F11: 2026-07-27 15:08:32
A12: 2026-07-27 | B12: Tapanyaki | C12: 192 | D12: 416 | E12: 313 | F12: 2026-07-27 12:42:40
A13: 2026-07-27 | B13: Terrace | C13: 347 | D13: 41 | E13: 1571 | F13: 2026-07-27 19:52:51
... A249: 2026-08-25 | B249: Saitara | C249: 179 | D249: 425 | E249: 1685 | F249: 2026-08-25 15:47:54

Sheet Hotel_Stats
A1: Date | B1: Room Available | C1: Room Sold | D1: Com./HU. Room | E1: Total Guests | F1: Weather | G1: Timestamp
A2: 2026-07-26 | B2: 120 | C2: 79 | D2: 7 | E2: 134 | F2: Cloudy | G2: 2026-07-26 14:21:13
A3: 2026-07-27 | B3: 120 | C3: 108 | D3: 9 | E3: 195 | F3: Rainy | G3: 2026-07-27 16:10:57
A4: 2026-07-28 | B4: 120 | C4: 74 | D4: 7 | E4: 127 | F4: Sunny | G4: 2026-07-28 11:26:58
A5: 2026-07-29 | B5: 120 | C5: 108 | D5: 6 | E5: 180 | F5: Cloudy | G5: 2026-07-29 21:12:13
A6: 2026-07-30 | B6: 120 | C6: 107 | D6: 11 | E6: 173 | F6: Sunny | G6: 2026-07-30 13:21:12
A7: 2026-07-31 | B7: 120 | C7: 79 | D7: 7 | E7: 145 | F7: Sunny | G7: 2026-07-31 15:22:53
A8: 2026-08-01 | B8: 120 | C8: 97 | D8: 4 | E8: 170 | F8: Rainy | G8: 2026-08-01 18:06:38
A9: 2026-08-02 | B9: 120 | C9: 99 | D9: 7 | E9: 182 | F9: Stormy | G9: 2026-08-02 19:27:24
A10: 2026-08-03 | B10: 120 | C10: 92 | D10: 5 | E10: 159 | F10: Rainy | G10: 2026-08-03 21:13:50
A11: 2026-08-04 | B11: 120 | C11: 85 | D11: 9 | E11: 161 | F11: Sunny | G11: 2026-08-04 14:08:17
A12: 2026-08-05 | B12: 120 | C12: 70 | D12: 2 | E12: 118 | F12: Cloudy | G12: 2026-08-05 17:11:18
A13: 2026-08-06 | B13: 120 | C13: 89 | D13: 6 | E13: 151 | F13: Rainy | G13: 2026-08-06 13:53:06
... A32: 2026-08-25 | B32: 120 | C32: 74 | D32: 9 | E32: 137 | F32: Stormy | G32: 2026-08-25 12:33:59

Sheet Outlet_Summary
A1: Date | B1: Outlet | C1: Meal | D1: Food Rev | E1: Bev Rev | F1: Total Rev | G1: Cover | H1: Food Cost | I1: Bev Cost | J1: Total Cost | K1: Direct Purchase | L1: Store Issue | M1: Transfer In | N1: Transfer Out | O1: Credit Cost | P1: Timestamp
A2: 2026-07-26 | B2: Reveira House | C2: ABF | D2: 2633 | E2: 8186 | F2: 10819 | G2: 51 | H2: 830 | I2: 2766 | J2: 3596 | K2: 1734 | L2: 4526 | M2: 203 | N2: 379 | O2: 1237 | P2: 2026-07-26 14:21:13
A3: 2026-07-26 | B3: Reveira House | C3: Breakfast | D3: 2244 | E3: 6042 | F3: 8286 | G3: 48 | H3: 870 | I3: 2037 | J3: 2907 | K3: 1734 | L3: 4526 | M3: 203 | N3: 379 | O3: 1237 | P3: 2026-07-26 14:21:13
A4: 2026-07-26 | B4: Reveira House | C4: Lunch | D4: 1154 | E4: 7845 | F4: 8999 | G4: 40 | H4: 356 | I4: 2677 | J4: 3033 | K4: 1734 | L4: 4526 | M4: 203 | N4: 379 | O4: 1237 | P4: 2026-07-26 14:21:13
A5: 2026-07-26 | B5: Reveira House | C5: Dinner | D5: 3497 | E5: 11809 | F5: 15306 | G5: 42 | H5: 1299 | I5: 3975 | J5: 5274 | K5: 1734 | L5: 4526 | M5: 203 | N5: 379 | O5: 1237 | P5: 2026-07-26 14:21:13
A6: 2026-07-26 | B6: Reveira House | C6: Supper | D6: 2927 | E6: 9132 | F6: 12059 | G6: 65 | H6: 1093 | I6: 2949 | J6: 4042 | K6: 1734 | L6: 4526 | M6: 203 | N6: 379 | O6: 1237 | P6: 2026-07-26 14:21:13
A7: 2026-07-26 | B7: Junsai | C7: ABF | D7: 4303 | E7: 11651 | F7: 15954 | G7: 50 | H7: 1624 | I7: 3906 | J7: 5530 | K7: 6536 | L7: 3616 | M7: 172 | N7: 20 | O7: 1642 | P7: 2026-07-26 14:21:13
A8: 2026-07-26 | B8: Junsai | C8: Breakfast | D8: 3215 | E8: 7932 | F8: 11147 | G8: 14 | H8: 994 | I8: 2632 | J8: 3626 | K8: 6536 | L8: 3616 | M8: 172 | N8: 20 | O8: 1642 | P8: 2026-07-26 14:21:13
A9: 2026-07-26 | B9: Junsai | C9: Lunch | D9: 2891 | E9: 14502 | F9: 17393 | G9: 32 | H9: 1033 | I9: 4641 | J9: 5674 | K9: 6536 | L9: 3616 | M9: 172 | N9: 20 | O9: 1642 | P9: 2026-07-26 14:21:13
A10: 2026-07-26 | B10: Junsai | C10: Dinner | D10: 761 | E10: 9023 | F10: 9784 | G10: 66 | H10: 299 | I10: 2751 | J10: 3050 | K10: 6536 | L10: 3616 | M10: 172 | N10: 20 | O10: 1642 | P10: 2026-07-26 14:21:13
A11: 2026-07-26 | B11: Junsai | C11: Supper | D11: 1601 | E11: 7167 | F11: 8768 | G11: 41 | H11: 512 | I11: 2347 | J11: 2859 | K11: 6536 | L11: 3616 | M11: 172 | N11: 20 | O11: 1642 | P11: 2026-07-26 14:21:13
A12: 2026-07-26 | B12: Tapanyaki | C12: ABF | D12: 2850 | E12: 9592 | F12: 12442 | G12: 39 | H12: 991 | I12: 3017 | J12: 4008 | K12: 5502 | L12: 3129 | M12: 485 | N12: 255 | O12: 603 | P12: 2026-07-26 14:21:13
A13: 2026-07-26 | B13: Tapanyaki | C13: Breakfast | D13: 5152 | E13: 10838 | F13: 15990 | G13: 35 | H13: 1510 | I13: 3946 | J13: 5456 | K13: 5502 | L13: 3129 | M13: 485 | N13: 255 | O13: 603 | P13: 2026-07-26 14:21:13
... A1117: 2026-08-25 | B1117: Saitara | C1117: Supper | D1117: 2148 | E1117: 8607 | F1117: 10755 | G1117: 32 | H1117: 843 | I1117: 2845 | J1117: 3688 | K1117: 1290 | L1117: 4237 | M1117: 179 | N1117: 425 | O1117: 1685 | P1117: 2026-08-25 12:33:59

Sheet Pivot_Summary
A1: Outlet | B1: Total Food Rev | C1: Total Bev Rev | D1: Grand Total Rev | E1: Total Cover | F1: Total Food Cost | G1: Total Bev Cost | H1: Total Cost | I1: Direct Purchase | J1: Store Issue | K1: Transfer Net | L1: Credit Cost
A2: Reveira House | B2: =SUMIFS(Outlet_Summary!D:D, Outlet_Summary!B:B, A2) | C2: =SUMIFS(Outlet_Summary!E:E, Outlet_Summary!B:B, A2) | D2: =SUMIFS(Outlet_Summary!F:F, Outlet_Summary!B:B, A2) | E2: =SUMIFS(Outlet_Summary!G:G, Outlet_Summary!B:B, A2) | F2: =SUMIFS(Outlet_Summary!H:H, Outlet_Summary!B:B, A2) | G2: =SUMIFS(Outlet_Summary!I:I, Outlet_Summary!B:B, A2) | H2: =SUMIFS(Outlet_Summary!J:J, Outlet_Summary!B:B, A2) | I2: =SUMIFS(Outlet_Summary!K:K, Outlet_Summary!B:B, A2) | J2: =SUMIFS(Outlet_Summary!L:L, Outlet_Summary!B:B, A2) | K2: =SUMIFS(Outlet_Summary!M:M, Outlet_Summary!B:B, A2)-SUMIFS(Outlet_Summary!N:N, Outlet_Summary!B:B, A2) | L2: =SUMIFS(Outlet_Summary!O:O, Outlet_Summary!B:B, A2)
A3: Junsai | B3: =SUMIFS(Outlet_Summary!D:D, Outlet_Summary!B:B, A3) | C3: =SUMIFS(Outlet_Summary!E:E, Outlet_Summary!B:B, A3) | D3: =SUMIFS(Outlet_Summary!F:F, Outlet_Summary!B:B, A3) | E3: =SUMIFS(Outlet_Summary!G:G, Outlet_Summary!B:B, A3) | F3: =SUMIFS(Outlet_Summary!H:H, Outlet_Summary!B:B, A3) | G3: =SUMIFS(Outlet_Summary!I:I, Outlet_Summary!B:B, A3) | H3: =SUMIFS(Outlet_Summary!J:J, Outlet_Summary!B:B, A3) | I3: =SUMIFS(Outlet_Summary!K:K, Outlet_Summary!B:B, A3) | J3: =SUMIFS(Outlet_Summary!L:L, Outlet_Summary!B:B, A3) | K3: =SUMIFS(Outlet_Summary!M:M, Outlet_Summary!B:B, A3)-SUMIFS(Outlet_Summary!N:N, Outlet_Summary!B:B, A3) | L3: =SUMIFS(Outlet_Summary!O:O, Outlet_Summary!B:B, A3)
A4: Tapanyaki | B4: =SUMIFS(Outlet_Summary!D:D, Outlet_Summary!B:B, A4) | C4: =SUMIFS(Outlet_Summary!E:E, Outlet_Summary!B:B, A4) | D4: =SUMIFS(Outlet_Summary!F:F, Outlet_Summary!B:B, A4) | E4: =SUMIFS(Outlet_Summary!G:G, Outlet_Summary!B:B, A4) | F4: =SUMIFS(Outlet_Summary!H:H, Outlet_Summary!B:B, A4) | G4: =SUMIFS(Outlet_Summary!I:I, Outlet_Summary!B:B, A4) | H4: =SUMIFS(Outlet_Summary!J:J, Outlet_Summary!B:B, A4) | I4: =SUMIFS(Outlet_Summary!K:K, Outlet_Summary!B:B, A4) | J4: =SUMIFS(Outlet_Summary!L:L, Outlet_Summary!B:B, A4) | K4: =SUMIFS(Outlet_Summary!M:M, Outlet_Summary!B:B, A4)-SUMIFS(Outlet_Summary!N:N, Outlet_Summary!B:B, A4) | L4: =SUMIFS(Outlet_Summary!O:O, Outlet_Summary!B:B, A4)
A5: Terrace | B5: =SUMIFS(Outlet_Summary!D:D, Outlet_Summary!B:B, A5) | C5: =SUMIFS(Outlet_Summary!E:E, Outlet_Summary!B:B, A5) | D5: =SUMIFS(Outlet_Summary!F:F, Outlet_Summary!B:B, A5) | E5: =SUMIFS(Outlet_Summary!G:G, Outlet_Summary!B:B, A5) | F5: =SUMIFS(Outlet_Summary!H:H, Outlet_Summary!B:B, A5) | G5: =SUMIFS(Outlet_Summary!I:I, Outlet_Summary!B:B, A5) | H5: =SUMIFS(Outlet_Summary!J:J, Outlet_Summary!B:B, A5) | I5: =SUMIFS(Outlet_Summary!K:K, Outlet_Summary!B:B, A5) | J5: =SUMIFS(Outlet_Summary!L:L, Outlet_Summary!B:B, A5) | K5: =SUMIFS(Outlet_Summary!M:M, Outlet_Summary!B:B, A5)-SUMIFS(Outlet_Summary!N:N, Outlet_Summary!B:B, A5) | L5: =SUMIFS(Outlet_Summary!O:O, Outlet_Summary!B:B, A5)
A6: Juniper | B6: =SUMIFS(Outlet_Summary!D:D, Outlet_Summary!B:B, A6) | C6: =SUMIFS(Outlet_Summary!E:E, Outlet_Summary!B:B, A6) | D6: =SUMIFS(Outlet_Summary!F:F, Outlet_Summary!B:B, A6) | E6: =SUMIFS(Outlet_Summary!G:G, Outlet_Summary!B:B, A6) | F6: =SUMIFS(Outlet_Summary!H:H, Outlet_Summary!B:B, A6) | G6: =SUMIFS(Outlet_Summary!I:I, Outlet_Summary!B:B, A6) | H6: =SUMIFS(Outlet_Summary!J:J, Outlet_Summary!B:B, A6) | I6: =SUMIFS(Outlet_Summary!K:K, Outlet_Summary!B:B, A6) | J6: =SUMIFS(Outlet_Summary!L:L, Outlet_Summary!B:B, A6) | K6: =SUMIFS(Outlet_Summary!M:M, Outlet_Summary!B:B, A6)-SUMIFS(Outlet_Summary!N:N, Outlet_Summary!B:B, A6) | L6: =SUMIFS(Outlet_Summary!O:O, Outlet_Summary!B:B, A6)
A7: Marcele | B7: =SUMIFS(Outlet_Summary!D:D, Outlet_Summary!B:B, A7) | C7: =SUMIFS(Outlet_Summary!E:E, Outlet_Summary!B:B, A7) | D7: =SUMIFS(Outlet_Summary!F:F, Outlet_Summary!B:B, A7) | E7: =SUMIFS(Outlet_Summary!G:G, Outlet_Summary!B:B, A7) | F7: =SUMIFS(Outlet_Summary!H:H, Outlet_Summary!B:B, A7) | G7: =SUMIFS(Outlet_Summary!I:I, Outlet_Summary!B:B, A7) | H7: =SUMIFS(Outlet_Summary!J:J, Outlet_Summary!B:B, A7) | I7: =SUMIFS(Outlet_Summary!K:K, Outlet_Summary!B:B, A7) | J7: =SUMIFS(Outlet_Summary!L:L, Outlet_Summary!B:B, A7) | K7: =SUMIFS(Outlet_Summary!M:M, Outlet_Summary!B:B, A7)-SUMIFS(Outlet_Summary!N:N, Outlet_Summary!B:B, A7) | L7: =SUMIFS(Outlet_Summary!O:O, Outlet_Summary!B:B, A7)
A8: Canteen | B8: =SUMIFS(Outlet_Summary!D:D, Outlet_Summary!B:B, A8) | C8: =SUMIFS(Outlet_Summary!E:E, Outlet_Summary!B:B, A8) | D8: =SUMIFS(Outlet_Summary!F:F, Outlet_Summary!B:B, A8) | E8: =SUMIFS(Outlet_Summary!G:G, Outlet_Summary!B:B, A8) | F8: =SUMIFS(Outlet_Summary!H:H, Outlet_Summary!B:B, A8) | G8: =SUMIFS(Outlet_Summary!I:I, Outlet_Summary!B:B, A8) | H8: =SUMIFS(Outlet_Summary!J:J, Outlet_Summary!B:B, A8) | I8: =SUMIFS(Outlet_Summary!K:K, Outlet_Summary!B:B, A8) | J8: =SUMIFS(Outlet_Summary!L:L, Outlet_Summary!B:B, A8) | K8: =SUMIFS(Outlet_Summary!M:M, Outlet_Summary!B:B, A8)-SUMIFS(Outlet_Summary!N:N, Outlet_Summary!B:B, A8) | L8: =SUMIFS(Outlet_Summary!O:O, Outlet_Summary!B:B, A8)
A9: Saitara | B9: =SUMIFS(Outlet_Summary!D:D, Outlet_Summary!B:B, A9) | C9: =SUMIFS(Outlet_Summary!E:E, Outlet_Summary!B:B, A9) | D9: =SUMIFS(Outlet_Summary!F:F, Outlet_Summary!B:B, A9) | E9: =SUMIFS(Outlet_Summary!G:G, Outlet_Summary!B:B, A9) | F9: =SUMIFS(Outlet_Summary!H:H, Outlet_Summary!B:B, A9) | G9: =SUMIFS(Outlet_Summary!I:I, Outlet_Summary!B:B, A9) | H9: =SUMIFS(Outlet_Summary!J:J, Outlet_Summary!B:B, A9) | I9: =SUMIFS(Outlet_Summary!K:K, Outlet_Summary!B:B, A9) | J9: =SUMIFS(Outlet_Summary!L:L, Outlet_Summary!B:B, A9) | K9: =SUMIFS(Outlet_Summary!M:M, Outlet_Summary!B:B, A9)-SUMIFS(Outlet_Summary!N:N, Outlet_Summary!B:B, A9) | L9: =SUMIFS(Outlet_Summary!O:O, Outlet_Summary!B:B, A9)
A10: Grand Total | B10: =SUM(B2:B9) | C10: =SUM(C2:C9) | D10: =SUM(D2:D9) | E10: =SUM(E2:E9) | F10: =SUM(F2:F9) | G10: =SUM(G2:G9) | H10: =SUM(H2:H9) | I10: =SUM(I2:I9) | ... L10: =SUM(L2:L9)
